model,condition,n,class_il_mean,class_il_std,task_il_mean,task_il_std,runtime_s_mean,runtime_overhead_vs_er_sym60_pct
er,sym60,2,17.465,0.24748737341529264,63.545,1.5202795795510813,2128.0,0.0
er_ace_aer_abs,asym40,3,43.85999999999999,1.8975510533316358,83.82666666666667,1.6924636874489634,2123.6666666666665,-0.2036340852130447
er_ace_aer_abs,sym20,3,50.203333333333326,1.104098425564197,85.68,0.4203569911396763,2706.6666666666665,27.192982456140346
er_ace_aer_abs,sym60,3,35.62666666666667,1.9489569860141418,77.84333333333333,1.3492343507831894,2779.0,30.592105263157897
