n,intercept,beta_buffer_purity,beta_mean_forgetting,beta_class_entropy,r2
165,-0.0031971265933089365,0.03971242202555708,0.1871891645922245,0.05878740143961454,0.2747968308480615
