condition,buffer_size,n,delta_accuracy_mean,delta_accuracy_sd,delta_purity_mean,delta_purity_sd
sym20,200,3,0.029766666666666646,0.028585019386618133,0.08333333333333333,0.02362907813126302
sym20,500,3,0.0341666666666666,0.01631144792265036,0.026666666666666616,0.006429100507328619
sym20,1000,3,0.06630000000000007,0.013167004215082413,0.08066666666666662,0.005507570547286107
sym60,200,3,-0.006399999999999999,0.006700000000000095,-0.031666666666666676,0.06048415770541352
sym60,500,3,-0.027799999999999974,0.022323978140107503,-0.030666666666666675,0.008326663997864508
sym60,1000,3,0.0028333333333333357,0.038458982479172905,-0.0016666666666666867,0.028005951748393258
