benchmark,condition,comparison,n,delta_average_accuracy_mean,delta_average_accuracy_sd,delta_buffer_purity_mean,delta_buffer_purity_sd
split_cifar10,sym20,gate_loss_minus_random_matched_loss,5,0.045439999999999967,0.022299730940080836,0.06239999999999997,0.030672463220289325
split_cifar10,sym20,oracle_thinned_loss_minus_random_matched_loss,5,0.08217999999999996,0.017114672068140865,0.2096,0.01941133689368147
split_cifar10,sym60,gate_loss_minus_random_matched_loss,5,-0.02415999999999997,0.0335359210399834,-0.021600000000000008,0.01458766602304837
split_cifar10,sym60,oracle_thinned_loss_minus_random_matched_loss,5,0.19330000000000008,0.0362013121309159,0.5940000000000001,0.012569805089976493
seq_cifar10,sym20,gate_loss_minus_random_matched_loss,5,0.007399999999999985,0.006136774397026503,0.17239999999999994,0.013813037319865619
seq_cifar10,sym20,oracle_thinned_loss_minus_random_matched_loss,5,0.006879999999999997,0.018742251732382656,0.21039999999999998,0.010714476188783108
