level,n,pearson_r,pearson_p,spearman_rho,spearman_p
run-level,530,0.741,1.7991859494034495e-93,0.772,7.007997721802523e-106
condition-mean,154,0.802,7.812956860987083e-36,0.849,6.630805068459025e-44
LOBO-MNIST,102,0.01,,0.138,
LOBO-CIFAR-10,470,0.752,,0.799,
LOBO-CIFAR-10N,500,0.798,,0.835,
LOBO-CIFAR-100,518,0.741,,0.776,
